Nombre,Precio
Libro Node.js - Javascript En El Lado Del Servidor - Manual,14.539
"Resistencia, Rebelión Y Contrarrevolución - Califa, Millan",5.850
Libro Mi Camita - Cuento Para Que Los Niños Duerman Solos,4.400
"El Sapito Glo-glo-glo - Tallon, J.s",550
J.s Bach Masterpieces For Solo Piano - J. S. Bach,9.703
Buscame - Monroe - Harper Collins,5.600
Mi Camita J. S. Pinillos Planeta,4.400
Las Diosas De La Mujer Madura (ed.arg.),6.899
Libro Node.js - Javascript En El Lado Del Servidor - Manual,14.539
Libro Técnico Node.js - Javascript En El Lado Del Servidor,14.539
Libro Técnico Node.js - Javascript En El Lado Del Servidor,14.539
"Libro: Empoderada, 150 Reflexiones Para Sanar. Valente J. S.",6.300
"Reincidencia Y Concurso De Delitos - Sanz Moran, Juan J. - S",11.000
Buscame - J. S. Monroe,2.095
Libro Mi Camita - J. S. Pinillos - Ediciones Destino,4.400
Mi Camita - J. S. Pinillos - Destino,4.399
"Mi Camita - Pinillos, J. S",4.220
"Lenguaje, Estructura Y Cambio  - Efran J S, Lukens M D Y Otr",5.350
"Rapatonpocipitopo - Tallon, J.s",550
"Búscame - Monroe, J.s",5.750
"Olvídame - Monroe, J.s",6.350
"Territorios De La Esi En La Lengua Y Literatura - Báez, J; S",2.500
Del Sinaí Al Gólgota: Del Judaísmo Al Jesús - Js Syniak,852
"Libro Mi Camita - Pinillos, J.s.",4.400
Mi Camita-j. S. Pinillos-destino,4.400
Mi Camita-j. S. Pinillos-destino,4.400
Mi Camita - Pinillos J.s. - Planeta - #l,4.280
Mi Camita,4.400
Libro Mensaje Urgente A Las Mujeres J S Bolen Ed Kairos,4.630
Olvidame - Monroe J.s..,6.350
Mi Camita - Pinillos J.s.,4.400
Buscame,5.750
Mi Camita   - J. S. Pinillos -pd,4.400
Olvidame - Monroe J.s (libro),6.350
Mi Camita - Pinillos J.s (libro) - Nuevo,4.400
Buscame - Monroe J.s (libro),4.350
"Understanding Pure Mathematics - Book - J., S",19.700
Los Pueblos De La España Antigua (2 Tomos) - J. S. Yanguas,4.500
Olvidame,5.715
Mi Camita,3.960
Buscame,3.915
"Guardianes Elementales, De J.s. Navarro",12.055
"Euphoria, De J.s. Ardiz",8.536
Books Game Of Thrones Leather Boxed Set Song Of Ice And Fire,92.209
Libro : Obras De Piano Ii J.s. Bach (ii)  - Sr. Jose R. G...,19.779
Book : Node.js Design Patterns Design And Implement...,64.859
"Libro : Creando Api Con Node.js, Express Y Mongodb -...",31.529
"Libro : El Deseo Del Millonario (los Sinclair, 7) - Scott,.",18.659
"Libro : Introduccion A Node.js - Morales, Gustavo",19.869
"Book : You Dont Know Js Yet Get Started - Simpson, Kyle",29.039
Book : Mastering Node.js - Second Edition Build Robust And.,59.859
Libro : El Caballero Que No Tenia Caballo - J.s.pinillos,13.399
