Nombre,Sueldo,Lugar,Link
Auxiliar de Deposito,12000000,"Capital Federal, Buenos Aires",https://ar.trabajosdiarios.com/trabajo/2400442/auxiliar-de-deposito-en-buenos-aires
Analista de Administración,16000000,"Capital Federal, Buenos Aires",https://ar.trabajosdiarios.com/trabajo/2399855/analista-de-administracion-en-buenos-aires
Asesores Comerciales Plan de Ahorro,,Baires Rivadavia,https://ar.trabajosdiarios.com/trabajo/2397757/asesores-comerciales-plan-de-ahorro-en-buenos-aires
Ejecutivos comerciales para importante financiera.,20000000,"Capital Federal, Buenos Aires",https://ar.trabajosdiarios.com/trabajo/2396781/ejecutivos-comerciales-para-importante-financiera-en-buenos-aires
Vendedores Para Call Center con o sin Experiencia,8000000,"Capital Federal, Buenos Aires",https://ar.trabajosdiarios.com/trabajo/2394325/vendedores-para-call-center-con-o-sin-experiencia-en-buenos-aires
Encargado web y empaquetados de pedidos,8000000,"Capital Federal, Buenos Aires",https://ar.trabajosdiarios.com/trabajo/2393612/encargado-web-y-empaquetados-de-pedidos-en-buenos-aires
Telemarketer Part Time para Fiat Giama sucursal,8000000,"Capital Federal, Buenos Aires",https://ar.trabajosdiarios.com/trabajo/2392552/telemarketer-part-time-para-fiat-giama-sucursal-en-buenos-aires
Oficial Carpintero  - Fabrica de Muebles - CABA,,CDSE Consultores,https://ar.trabajosdiarios.com/trabajo/2391257/oficial-carpintero-fabrica-de-muebles-caba-en-buenos-aires
Cortador Carnicero depostador Aprendis,20000000,"Capital Federal, Buenos Aires",https://ar.trabajosdiarios.com/trabajo/2391101/cortador-carnicero-depostador-aprendis-en-buenos-aires
Asistentes Dentales,,Progreso Dental,https://ar.trabajosdiarios.com/trabajo/2390372/asistentes-dentales-en-buenos-aires
Operario de Maestranza en Belgrano - CABA,100,"Capital Federal, Buenos Aires",https://ar.trabajosdiarios.com/trabajo/2385699/operario-de-maestranza-en-belgrano-caba-en-buenos-aires
Asesoras/es de Ventas Digitales y Telefónicas (no es call),15000000,"Capital Federal, Buenos Aires",https://ar.trabajosdiarios.com/trabajo/2385214/asesorases-de-ventas-digitales-y-telefonicas-no-es-call-en-buenos-aires
Técnico Electromecánico /Electrónico en CABA y GBA,100,"Capital Federal, Buenos Aires",https://ar.trabajosdiarios.com/trabajo/2373765/tecnico-electromecanico-electronico-en-caba-y-gba-en-buenos-aires
Ayudante de cocina para producción.,20000000,"Capital Federal, Buenos Aires",https://ar.trabajosdiarios.com/trabajo/2366817/ayudante-de-cocina-para-produccion-en-buenos-aires
Comunity manager y empaquetado de pedidos,8000000,"Capital Federal, Buenos Aires",https://ar.trabajosdiarios.com/trabajo/2403923/comunity-manager-y-empaquetado-de-pedidos-en-buenos-aires
Buscamos asistentes de publicidad,200000,"Capital Federal, Buenos Aires",https://ar.trabajosdiarios.com/trabajo/2403821/buscamos-asistentes-de-publicidad-en-buenos-aires
Encargado/a de Sucursal (Horario Cortado),,Ganadera Panamericana,https://ar.trabajosdiarios.com/trabajo/2403573/encargadoa-de-sucursal-horario-cortado-en-buenos-aires
Asesores comercial zona norte caba zona oeste la plata,10000000,"Capital Federal, Buenos Aires",https://ar.trabajosdiarios.com/trabajo/2403325/asesores-comercial-zona-norte-caba-zona-oeste-la-plata-en-buenos-aires
Gerente de local delivery/take away - Con experiencia - Belgrano.,,Sushiclub,https://ar.trabajosdiarios.com/trabajo/2403181/gerente-de-local-deliverytake-away-con-experiencia-belgrano-en-buenos-aires
Recepcionista para Wine Resort,,Linkup,https://ar.trabajosdiarios.com/trabajo/2403138/recepcionista-para-wine-resort-en-buenos-aires
Oficial Mecánico de Obra,,Bairestron,https://ar.trabajosdiarios.com/trabajo/2402324/oficial-mecanico-de-obra-en-buenos-aires
Operario de Pintura - Fábrica de Muebles Metálicos - CABA,,CDSE Consultores,https://ar.trabajosdiarios.com/trabajo/2402212/operario-de-pintura-fabrica-de-muebles-metalicos-caba-en-buenos-aires
Preventista/corredor comercial,10000000,"Capital Federal, Buenos Aires",https://ar.trabajosdiarios.com/trabajo/2401577/preventistacorredor-comercial-en-buenos-aires
Vendedor telefónico,10000000,"Capital Federal, Buenos Aires",https://ar.trabajosdiarios.com/trabajo/2401572/vendedor-telefonico-en-buenos-aires
